rank,group,overall_priority,business_name,city,state_province,country,website,instagram,business_category,sauna_type,locations_known,retail_products,memberships_or_recurring,contact_person,contact_role,email,email_source,contact_page,wholesale_potential,relationship_potential,decision_maker_access,naosu_akari_similarity,koriboshi_fit,outreach_angle,personalized_start,caveats,research_depth,social_evidence,database_ids,database_location_names,database_status,sources,checked_on,outreach_status,last_contacted,next_action
1,Top 20 — Contact first,High,Löyly Sauna (Portland),Portland,Oregon,United States,https://www.loyly.net,https://www.instagram.com/loylysaunapdx,Design-led bathhouse / bathing club,Finnish traditional sauna; steam; guided aufguss,2 Portland venues shown,"Confirmed product shop: house skincare, oils, candles and outside brands; on-site availability to confirm",Confirmed monthly sauna memberships and Sweat Social / aufguss events,Not publicly identified; ask for retail buyer,Retail buyer / general manager (requested role),southeast@loyly.net,https://www.loyly.net,https://www.loyly.net/locations,5,5,3,Close analogue,"Finnish sauna rituals, a curated house-product range and repeat members create a practical accessory-selling context.",Explore a small retail test,Offer a small cotton-hat assortment beside the house sauna products; invite the ritual team to try one first.,Buying authority is not named; do not treat ritual facilitators as buyers.,Individually reviewed official pages; supplemental public reporting where noted,Official-site profile link found; audience size and recent engagement not measured,676,Löyly Sauna,active,"https://www.loyly.net
https://loyly-sauna.myshopify.com/
https://www.loyly.net/memberships
https://www.loyly.net/events
https://www.loyly.net/locations",2026-10-05,Not contacted,,Offer a small cotton-hat assortment beside the house sauna products; invite the ritual team to try one first.
2,Top 20 — Contact first,High,Soho Saunas,Midway,Utah,United States,https://www.sohosaunas.com/,https://www.instagram.com/sohosaunas/,Design-led bathhouse / bathing club,Japanese-inspired traditional sauna and cold plunge,1 Midway venue shown,Hats supplied to visitors; separate retail sales unknown,Confirmed unlimited membership and visit passes,Shane Inoue,"Co-owner and president, ONZEN LLC",info@sohosaunas.com,https://www.sohosaunas.com/,https://www.sohosaunas.com/,5,5,4,Close analogue,"Japanese bathing roots and hats already included in visits make comfort, laundering and guest take-home purchases directly relevant.",Ask for product feedback,"Offer Shane a sample to compare with their current guest hats, then discuss a take-home retail option.",Existing hat supply is established; replacement demand and laundering suitability are unverified.,Individually reviewed official pages; supplemental public reporting where noted,Official-site profile link found; audience size and recent engagement not measured,927,Soho Saunas,active,"https://www.sohosaunas.com/
https://www.sohosaunas.com/our-story
https://www.sohosaunas.com/membership
https://www.sohosaunas.com/events",2026-10-05,Not contacted,,"Offer Shane a sample to compare with their current guest hats, then discuss a take-home retail option."
3,Top 20 — Contact first,High,Element Outdoor Sauna,Toronto,Ontario,Canada,http://www.elementoutdoorsauna.com/,https://www.instagram.com/elementoutdoorsauna/,Sauna / contrast therapy community,Traditional sauna and cold plunge,1 Toronto venue shown,Confirmed hats gifted with membership; standalone retail unknown,Confirmed unlimited memberships and coached contrast sessions,Denise Tompkins,Owner / Certified Thermalist,info@elementoutdoorsauna.com,https://www.elementoutdoorsauna.com/,http://www.elementoutdoorsauna.com/,5,5,4,Close analogue,"Owner-led contrast practice already uses a free sauna hat as a membership benefit, creating a specific replenishment or gifting use.",Offer a complimentary sauna hat,Ask Denise to test koriboshi as a possible future member welcome gift.,"Current supplier, gift budget and unit economics are unknown.",Individually reviewed official pages; supplemental public reporting where noted,Official-site profile link found; audience size and recent engagement not measured,826,Element Outdoor Sauna,active,"https://www.elementoutdoorsauna.com/
https://www.elementoutdoorsauna.com/about
https://www.elementoutdoorsauna.com/memberships",2026-10-05,Not contacted,,Ask Denise to test koriboshi as a possible future member welcome gift.
4,Top 20 — Contact first,High,SaunaGlo,Milwaukie,Oregon,United States,https://www.saunaglo.com,https://www.instagram.com/sauna.glo/,Sauna / contrast therapy community,Finnish-standard sauna and cold plunge,1 Milwaukie venue shown (Portland metro),Unknown; no merchandise range verified,Confirmed memberships and sauna-culture events,Katie Calcagno,Founder / operations director,relax@saunaglo.com,https://www.saunaglo.com,https://www.saunaglo.com,4,5,4,Close analogue,"Named operating founder, Finnish-standard heat and a calendar of cultural gatherings support thoughtful product feedback and member introductions.",Offer a complimentary sauna hat,Offer Katie and Michael a sample for their regular sauna practice and a small member feedback session.,Retail shelf space is unverified; lead with relationship value.,Individually reviewed official pages; supplemental public reporting where noted,Official-site profile link found; audience size and recent engagement not measured,683,SaunaGlo,active,"https://www.saunaglo.com
https://www.saunaglo.com/about
https://www.saunaglo.com/membership
https://www.saunaglo.com/events
https://www.saunaglo.com/location",2026-10-05,Not contacted,,Offer Katie and Michael a sample for their regular sauna practice and a small member feedback session.
5,Top 20 — Contact first,High,Red Rock Sauna,Denver,Colorado,United States,https://redrocksauna.com/,https://www.instagram.com/redrock.sauna/,Sauna / contrast therapy community,Traditional sauna and cold plunge,1 Denver base plus mobile events,Confirmed merchandise link and member retail discounts; assortment to confirm,"Confirmed memberships, member socials and events",Alivia and Joe (surnames not published on reviewed pages),Co-founders,info@redrocksauna.com,https://redrocksauna.com/,https://redrocksauna.com/pages/contact,4,5,4,Close analogue,"Founder-run neighborhood sauna already has a merchandise channel and local partner perks, making a small accessory test plausible.",Explore a small retail test,Connect the hat to their social sauna sessions and existing member retail perk.,Mobile operations may limit stock storage and display space.,Individually reviewed official pages; supplemental public reporting where noted,Official-site profile link found; audience size and recent engagement not measured,691,Red Rock Sauna,active,"https://redrocksauna.com/
https://redrocksauna.com/pages/contact
https://redrocksauna.com/pages/about-us
https://redrocksauna.com/pages/daypasses-memberships
https://redrocksauna.com/pages/upcoming-events",2026-10-05,Not contacted,,Connect the hat to their social sauna sessions and existing member retail perk.
6,Top 20 — Contact first,High,Kolm Kontrast,Vancouver,British Columbia,Canada,https://kolmkontrast.com/,https://www.instagram.com/kolmkontrast/,Sauna / contrast therapy community,Traditional social sauna; guided aufguss; ice baths,1 Vancouver venue shown,Branded tote and sauna hat shown by design partner; active on-site retail unconfirmed,"Confirmed passes/memberships, guided sessions, aufguss and social events",Julia Glynn,Co-founder,info@kolmkontrast.com,https://kolmkontrast.com/,https://kolmkontrast.com/contact/,4,5,4,Close analogue,"Design-led 50-person sauna, guided heat rituals and existing branded accessories make this a strong aesthetic and community match.",Ask for product feedback,Send Julia a design-focused introduction and offer a washable cotton sample for the guide team.,Existing branded hats may be a competing supplier; ask about an alternative material before wholesale.,Individually reviewed official pages; supplemental public reporting where noted,Official-site profile link found; audience size and recent engagement not measured,777,Kolm Kontrast,active,"https://kolmkontrast.com/
https://kolmkontrast.com/contact/
https://kolmkontrast.com/about-us/
https://kolmkontrast.com/events/
https://kolmkontrast.com/event/singles-social/
https://www.brucemaudesign.com/work/kolm",2026-10-05,Not contacted,,Send Julia a design-focused introduction and offer a washable cotton sample for the guide team.
7,Top 20 — Contact first,High,Akari Sauna,New York City (Brooklyn),New York,United States,https://akarisauna.com/,https://www.instagram.com/akarisauna/,Design-led bathhouse / bathing club,Japanese-inspired communal dry sauna; cold plunge,3 locations listed on current site; 2 in database,"Confirmed shop: collaboration sauna hat, bags, apparel and socks",Confirmed recurring memberships,Shayna Olsan / Luke Carstens,Co-founders,hello@akarisauna.com,https://www.akarisauna.com/contact,https://www.akarisauna.com/contact,4,5,4,Benchmark,"Japanese neighborhood-sauna identity closely matches koriboshi, and the existing accessory shop proves category familiarity.",Ask for product feedback,Acknowledge their Yokkoyama collaboration and offer a cotton-blend hat as a different everyday option.,Do not pitch as if they lack hats; third-location operating status and buying process need confirmation.,Individually reviewed official pages; supplemental public reporting where noted,Official-site profile link found; audience size and recent engagement not measured,44; 45,Akari Sauna Williamsburg; Akari Sauna Greenpoint,active,"https://www.akarisauna.com/
https://www.akarisauna.com/contact
https://www.akarisauna.com/membership
https://shop.akarisauna.com/
https://lakehouse.vc/portfolio/akari-sauna/",2026-10-05,Not contacted,,Acknowledge their Yokkoyama collaboration and offer a cotton-blend hat as a different everyday option.
8,Top 20 — Contact first,High,Lore Bathing Club,New York City,New York,United States,https://www.lorebathingclub.com/,https://www.instagram.com/lorebathingclub/,Design-led bathhouse / bathing club,Finnish dry sauna; infrared; cold plunge,1 NoHo venue shown,Unknown; member brand-partner perks are advertised,Confirmed monthly memberships and members-first programming,James O'Reilly / Adam Elzer,Co-founders (public interviews),info@lorebathingclub.com,https://www.lorebathingclub.com/,https://www.lorebathingclub.com/,4,5,4,Close analogue,"Small-format bathing, design-conscious hospitality and explicit member partner perks create a strong route for samples and a limited retail experiment.",Explore a small retail test,Propose a discreet member trial that fits their weekly bathing routine and partner perks.,Confirm current buyer through general email; no public merchandise range was verified.,Individually reviewed official pages; supplemental public reporting where noted,Official-site profile link found; audience size and recent engagement not measured,41,Lore Bathing Club,active,"https://www.lorebathingclub.com/
https://www.lorebathingclub.com/membership
https://www.athleisuremag.com/the-latest/2026/6/20/the-9list-x-lore-bathing-club",2026-10-05,Not contacted,,Propose a discreet member trial that fits their weekly bathing routine and partner perks.
9,Top 20 — Contact first,High,Embrace North,Minneapolis,Minnesota,United States,https://embracenorth.com,https://www.instagram.com/embracenorth,Sauna / contrast therapy community,Traditional electric sauna and cold plunge,2 locations shown: Minneapolis and Denver,Confirmed towels and water bottles sold on-site,Confirmed unlimited subscription and frequent communal sessions,Not publicly identified; ask for operating owner,Owner / operations lead (requested role),info@embracenorth.com,https://embracenorth.com,https://embracenorth.com,4,5,3,Community analogue,Affordable recurring access and on-site essentials suggest repeat sauna users who could buy a practical hat after testing it.,Explore a small retail test,"Offer samples to hosts, followed by a compact display beside towels and water bottles.",Price-sensitive positioning may constrain margin or acceptable retail price.,Individually reviewed official pages; supplemental public reporting where noted,Official-site profile link found; audience size and recent engagement not measured,666,Embrace North,active,"https://embracenorth.com
https://embracenorth.com/community",2026-10-05,Not contacted,,"Offer samples to hosts, followed by a compact display beside towels and water bottles."
10,Top 20 — Contact first,High,Eastend,Chicago,Illinois,United States,https://practiceeastend.com/,https://www.instagram.com/practice.eastend/,Sauna / contrast therapy community,Finnish sauna; infrared; cold plunge,1 Chicago venue shown,Unknown; towels or equipment provided do not establish retail,"Confirmed sauna/cold-plunge memberships, classes and events",Suman Chagarlamudi / Amanda Hanlon,Co-founders (current official site),hello@practiceeastend.com,https://practiceeastend.com/contact,https://practiceeastend.com/contact,4,5,4,Close analogue,"Large Finnish social sauna and guided programming sit at the core of a modern club, giving hats a use beyond its other recovery treatments.",Offer a complimentary sauna hat,Offer founders and sauna guides samples for use during guided heat sessions.,Older reporting uses Amanda Mizen; current official site uses Amanda Hanlon. Route via the business inbox.,Individually reviewed official pages; supplemental public reporting where noted,Official-site profile link found; audience size and recent engagement not measured,637,Eastend,active,"https://practiceeastend.com/
https://practiceeastend.com/contact
https://practiceeastend.com/about
https://practiceeastend.com/packages-and-memberships
https://practiceeastend.com/events",2026-10-05,Not contacted,,Offer founders and sauna guides samples for use during guided heat sessions.
11,Top 20 — Contact first,High,The Good Sauna,Vancouver,British Columbia,Canada,http://www.thegoodsauna.com/,https://www.instagram.com/thegoodsauna/,Sauna / contrast therapy community,Finnish-style outdoor sauna and cold plunge,Vancouver confirmed; other Canadian locations advertised as coming soon; UK affiliate excluded,Unknown; towel provision and robe rental are not retail evidence,Confirmed community/private sessions; app offers passes and memberships,Oll Farrell,Founder (public interview),info@thegoodsauna.com,https://www.thegoodsauna.com/,http://www.thegoodsauna.com/,4,5,4,Close analogue,Community sauna at Container Brewing and explicit collaboration inquiries fit a small founder-led activation or run-club giveaway.,Creator / community partnership,Suggest a small hat trial at an existing run-club or community sauna gathering.,Confirm seasonal schedule and which Canadian sites are operating.,Individually reviewed official pages; supplemental public reporting where noted,Official-site profile link found; audience size and recent engagement not measured,779,The Good Sauna,active,"https://www.thegoodsauna.com/
https://www.thegoodsauna.com/about
https://revenuebrand.com/shared-values-oll-farrell/",2026-10-05,Not contacted,,Suggest a small hat trial at an existing run-club or community sauna gathering.
12,Top 20 — Contact first,High,Bywater Sauna,Seattle,Washington,United States,https://www.bywatersauna.com/,Not verified,Sauna / contrast therapy community,Scandinavian-style mobile sauna; open-water plunge,At least 2 database sites; current site also lists other Seattle stops,Unknown; no product inventory verified,Confirmed unlimited sauna membership and group sessions,Nate Garberich,Founder; official hiring page names Nate,info@bywatersauna.com,https://www.bywatersauna.com/,https://www.bywatersauna.com/,3,5,4,Community analogue,Beach-based sauna memberships and a community-first founder make host sampling and repeat-user feedback more likely than a large initial order.,Offer a complimentary sauna hat,Offer Nate and the hosts hats for a member feedback round after shoreline sessions.,Pop-up storage and retail permissions are unverified; do not count each stop as a separate buyer.,Individually reviewed official pages; supplemental public reporting where noted,Profile / recent activity not verified,570; 576,Bywater Sauna; Bywater Sauna - Alki,active,"https://www.bywatersauna.com/
https://www.bywatersauna.com/membership
https://www.bywatersauna.com/hiring-who
https://www.linkedin.com/company/bywater-sauna",2026-10-05,Not contacted,,Offer Nate and the hosts hats for a member feedback round after shoreline sessions.
13,Top 20 — Contact first,High,Sauna Strong,Minneapolis,Minnesota,United States,https://saunastrong.com,https://www.instagram.com/saunastrong/,Sauna / contrast therapy community,Community traditional sauna; communal/private infrared,1 Minneapolis venue shown,Unknown; no physical merchandise range verified,Confirmed monthly community memberships and session packages,Harrison Klein,Founder,info@saunastrong.com,https://saunastrong.com,https://saunastrong.com,4,5,4,Close analogue,"A named founder is building a recurring social club around communal sauna and recovery, with training as an adjacent activity.",Offer a complimentary sauna hat,Introduce the hat as an everyday sauna accessory for the community room; ask Harrison for feedback.,Mixed wellness offering; keep the pitch focused on community heat sessions rather than private infrared.,Individually reviewed official pages; supplemental public reporting where noted,Official-site profile link found; audience size and recent engagement not measured,668,Sauna Strong,active,"https://saunastrong.com
https://saunastrong.com/about-us
https://saunastrong.com/elite-membership
https://saunastrong.com/community-sauna
https://saunastrong.com/community-infrared-sauna",2026-10-05,Not contacted,,Introduce the hat as an everyday sauna accessory for the community room; ask Harrison for feedback.
14,Top 20 — Contact first,High,Wild Haus Floating Saunas,Seattle,Washington,United States,https://thewildhaus.com/,https://instagram.com/wildhauspnw,Floating / waterfront sauna,Floating traditional sauna; lake plunge,1 Seattle departure operation with multiple vessels,Unknown; robes used during experience do not establish retail,Confirmed communal/private voyages and events; membership club advertised as coming,Emma Griffith,Co-founder (Seattle magazine interview),crew@thewildhaus.com,https://thewildhaus.com/pages/terms-and-conditions,https://thewildhaus.com/pages/contact,4,5,4,Close analogue,Friend-founded floating sauna has a distinctive hospitality experience that suits guest samples and a small branded accessory collaboration.,Offer a complimentary sauna hat,Offer Emma and the crew a sample for shared voyages and ask whether guests request take-home accessories.,Confirm membership launch and space for retail; do not count boats as locations.,Individually reviewed official pages; supplemental public reporting where noted,Official-site profile link found; audience size and recent engagement not measured,568,Wild Haus Floating Saunas,active,"https://thewildhaus.com/
https://thewildhaus.com/pages/contact
https://thewildhaus.com/pages/events
https://thewildhaus.com/pages/terms-and-conditions
https://seattlemag.com/lifestyle/outdoors/floating-with-friends/",2026-10-05,Not contacted,,Offer Emma and the crew a sample for shared voyages and ask whether guests request take-home accessories.
15,Top 20 — Contact first,High,Saint NYC,New York City,New York,United States,https://www.saint.nyc/,https://www.instagram.com/saint__nyc/,Private sauna studio,Traditional cedar sauna; private ice bath,1 Chelsea venue shown,Shop link and FRAMA / Protegér guest amenities confirmed; physical inventory could not be verified,Confirmed 8-session monthly and unlimited annual memberships,Alex Feldman,Founder (design publication reporting),info@saint.nyc,https://www.saint.nyc/,https://www.saint.nyc/,4,5,4,Close analogue,"Design by BOND, private cedar sauna suites and curated FRAMA / Protegér amenities provide a close aesthetic fit for a cotton guest accessory.",Offer a complimentary sauna hat,Offer Alex a sample for the private-suite experience and ask whether a take-home accessory belongs in their shop.,Shop page did not expose products; verify retail assortment. Amenities supplied in suites are not proof of retail sales.,Individually reviewed official pages; supplemental public reporting where noted,Official-site profile link found; audience size and recent engagement not measured,42,Saint NYC,active,"https://www.saint.nyc/
https://www.saint.nyc/shop
https://www.wallpaper.com/travel/spas/bathing-club-bathhouse-trend-new-york",2026-10-05,Not contacted,,Offer Alex a sample for the private-suite experience and ask whether a take-home accessory belongs in their shop.
16,Top 20 — Contact first,High,RÖK Spas,Denver,Colorado,United States,https://rokspas.com/,https://www.instagram.com/rokspas/,Sauna / contrast therapy community,Traditional Nordic dry sauna; steam; cold plunge,1 Denver flagship shown; expansion/franchise promoted,Unknown; no physical merchandise range verified,"Confirmed memberships, traditional heat circuit and private events",Jonathan Gandhi,Founder,hello@rokspas.com,https://rokspas.com/,https://rokspas.com/,4,5,4,Close analogue,Founder describes sauna as a weekly social ritual; premium Nordic circuit and memberships make a compact retail test credible.,Explore a small retail test,Offer Jonathan a sample and propose an introductory accessory assortment for regular sauna guests.,Expansion ambitions may add purchasing complexity; confirm flagship buying authority.,Individually reviewed official pages; supplemental public reporting where noted,Official-site profile link found; audience size and recent engagement not measured,687,RÖK Spas,active,"https://rokspas.com/
https://rokspas.com/membership-and-pricing/
https://rokspas.com/private-events/
https://rokspas.com/why-we-founded-rok-spas/",2026-10-05,Not contacted,,Offer Jonathan a sample and propose an introductory accessory assortment for regular sauna guests.
17,Top 20 — Contact first,High,Avanto Cold Plunge & Sauna,Park City,Utah,United States,https://avantoparkcity.com/,https://www.instagram.com/avantocoldplunge/,Sauna / contrast therapy community,Nordic cedar dry sauna; infrared; cold plunge,1 Park City venue shown,"Unknown; towels and refreshments included, not retail evidence","Confirmed unlimited membership, visitor passes and private bookings",Not publicly identified; ask for operating owner,Owner / studio manager (requested role),team@avantoparkcity.com,https://avantoparkcity.com/,https://avantoparkcity.com/#contact,4,5,3,Close analogue,"Traditional cedar sauna, mountain recovery audience and repeat local members fit a functional, design-conscious accessory.",Offer a complimentary sauna hat,"Offer the owner a sample for the Nordic sauna, then discuss a small local-member test.",Do not infer staff named in testimonials are owners.,Individually reviewed official pages; supplemental public reporting where noted,Official homepage links @avantocoldplunge; engagement not measured,923,Avanto Cold Plunge & Sauna,active,https://avantoparkcity.com/,2026-10-05,Not contacted,,"Offer the owner a sample for the Nordic sauna, then discuss a small local-member test."
18,Top 20 — Contact first,High,PORTAL Thermaculture,Minneapolis; Denver,Minnesota; Colorado,United States,https://www.portalthermaculture.com,https://www.instagram.com/portalthermaculture,Sauna / contrast therapy community,Scandinavian-style sauna; cold plunge,3 operating cities shown; Austin marked opening soon; 2 database locations,Confirmed apparel/shop and existing BERINGIA collaboration,Confirmed community events and recurring access offerings,Kath (surname not verified),Events contact; ask to route retail/partnership proposal,kath@portalthermaculture.com,https://www.portalthermaculture.com/events,https://www.portalthermaculture.com/events,4,5,3,Close analogue,Sauna-centric social programming and an existing apparel collaboration show comfort with brand partnerships and merchandise.,Explore custom or co-branded hats,Start with a sample and ask whether a limited cotton-hat collaboration fills a gap in their apparel offering.,Existing collaboration and franchise growth mean a central brand conversation is preferable to location-by-location outreach.,Individually reviewed official pages; supplemental public reporting where noted,Official-site profile link found; audience size and recent engagement not measured,665; 689,PORTAL Thermaculture; Portal Thermaculture,active,"https://www.portalthermaculture.com
https://www.portalthermaculture.com/events
https://www.portalthermaculture.com/mission",2026-10-05,Not contacted,,Start with a sample and ask whether a limited cotton-hat collaboration fills a gap in their apparel offering.
19,Top 20 — Contact first,High,Löyly Floating Sauna,Toronto,Ontario,Canada,https://www.loylyfloatingsauna.ca/toronto-1,https://www.instagram.com/loyly.kelowna/,Floating / waterfront sauna,Finnish floating sauna; cold plunge,Toronto and Kelowna pages found; total current count to confirm,Confirmed Toronto FAQ: towels and electrolytes sold,Confirmed community sessions and multi-visit punch passes,Jess and Nick Rastas,Founders (brand story); partnerships team is routing point,hello@loylyfloatingsauna.ca,https://www.loylyfloatingsauna.ca/privacy-policy,https://www.loylyfloatingsauna.ca/contact,4,5,4,Close analogue,Finnish-led floating sauna combines a practical essentials shop with repeat visits and an explicit brand-partnership contact route.,Explore a small retail test,Use the partnerships form to propose a Toronto dockside hat trial beside towels and electrolytes.,Brand pages emphasize Kelowna; verify Toronto operating contact and buying scope before shipment.,Individually reviewed official pages; supplemental public reporting where noted,Brand website links @loyly.kelowna; Toronto-specific Instagram unverified,818,Löyly Floating Sauna,active,"https://www.loylyfloatingsauna.ca/toronto-1
https://www.loylyfloatingsauna.ca/contact
https://www.loylyfloatingsauna.ca/about-us
https://www.loylyfloatingsauna.ca/privacy-policy",2026-10-05,Not contacted,,Use the partnerships form to propose a Toronto dockside hat trial beside towels and electrolytes.
20,Top 20 — Contact first,High,NAOSU SAUNA,Denver,Colorado,United States,https://naosusauna.com/,http://instagram.com/naosusauna,Sauna / contrast therapy community,Traditional sauna and cold plunge,1 Denver venue shown,Unknown; no merchandise range verified,Confirmed unlimited membership and private group bookings,Current operating owner not publicly identified,Owner / manager of ERY Holdings LLC (requested role),hello@naosusauna.com,https://www.naosusauna.com/,https://naosusauna.com/,3,5,3,Benchmark,Eight-guest neighborhood contrast space and Japanese sauna references are an unusually close match to the partner style requested.,Offer a complimentary sauna hat,Address the current operating team and offer one sample for feedback on the guest experience.,Current terms name ERY Holdings LLC; do not assume an older founder contact or supplier relationship still applies.,Individually reviewed official pages; supplemental public reporting where noted,Official-site profile link found; audience size and recent engagement not measured,701,NAOSU SAUNA,active,"https://www.naosusauna.com/
https://www.naosusauna.com/about
https://www.naosusauna.com/terms-and-conditions",2026-10-05,Not contacted,,Address the current operating team and offer one sample for feedback on the guest experience.
